Main category,Sub1,Sub2,Sub3,Sub4,Sub5
Мэдээлэл,Киоск,Гүйлгээ хийх заавар,,,
Мэдээлэл,Киоск,Ерөнхий мэдээлэл,,,
Мэдээлэл,Киоск,Тест,,,
Мэдээлэл,Киоск,Тодорхойлолт авах заавар,,,
Мэдээлэл,Киоск,Хуулга авах заавар,Депозит дансны хуулга авах заавар,,
Мэдээлэл,Киоск,Хуулга авах заавар,Зээлийн дансны хуулга авах заавар,,
Мэдээлэл,Киоск,Цахим үйлчилгээнд бүртгүүлэх заавар,,,
Мэдээлэл,Киоск,Шимтгэл хураамж,,,
Мэдээлэл,Киоск,Картын үйлчилгээ,,,
Мэдээлэл,Киоск,Хаяг байршил,,,
Мэдээлэл,Киоск,Цагийн хуваарь,,,
Мэдээлэл,Facebook хакер,Телефон банкаар шилжүүлсэн,,,
Мэдээлэл,Facebook хакер,Интернет банкаар шилжүүлсэн WEB,,,
Мэдээлэл,Facebook хакер,Интернет банкаар шилжүүлсэн APP,,,
Мэдээлэл,Facebook хакер,Мобайл банкаар шилжүүлсэн,,,
Мэдээлэл,Facebook хакер,Картаар шилжүүлсэн,,,
Мэдээлэл,Банктай холбоотой,FB постын талаар,,,
Мэдээлэл,Банктай холбоотой,FB Mass notificationchatbot,,,
Мэдээлэл,Банктай холбоотой,Банкнаас зарласан аян,Зээл,,
Мэдээлэл,Банктай холбоотой,Банкнаас зарласан аян,Бусад,,
Мэдээлэл,Банктай холбоотой,Банкнаас зарласан аян,Кредит карт,,
Мэдээлэл,Банктай холбоотой,Банкнаас зарласан аян,Карт,Union Pay карт аян,
Мэдээлэл,Банктай холбоотой,Банкнаас зарласан аян,Карт,Бусад,
Мэдээлэл,Банктай холбоотой,Телесэйлстэй холбоотой,,,
Мэдээлэл,Банктай холбоотой,Банкнаас зарласан оюутны тэтгэлэг,,,
Мэдээлэл,Банктай холбоотой,Банктай холбогдолгүй мэдээлэл,,,
Мэдээлэл,Банктай холбоотой,Вебсайтны талаар,,,
Мэдээлэл,Банктай холбоотой,Лавлахын талаар мэдээлэл,Лавлах дугаар суваг,,
Мэдээлэл,Банктай холбоотой,Лавлахын талаар мэдээлэл,Цагийн хуваарь,,
Мэдээлэл,Банктай холбоотой,Лавлахын талаар мэдээлэл,Цагийн хуваарь,Priority & Social,
Мэдээлэл,Банктай холбоотой,Лавлахын талаар мэдээлэл,Цагийн хуваарь,КҮБ,
Мэдээлэл,Банктай холбоотой,Масс СМС,Интернэт банк,,
Мэдээлэл,Банктай холбоотой,Масс СМС,Мобайл банк,,
Мэдээлэл,Банктай холбоотой,Масс СМС,Бусад цахим банк,,
Мэдээлэл,Банктай холбоотой,Масс СМС,Дебит карт,,
Мэдээлэл,Банктай холбоотой,Масс СМС,Кредит карт,,
Мэдээлэл,Банктай холбоотой,Масс СМС,Зээл,,
Мэдээлэл,Банктай холбоотой,Масс СМС,Мэдээлэл шинэчлэх аян,,
Мэдээлэл,Банктай холбоотой,Масс СМС,Бусад,,
Мэдээлэл,Банктай холбоотой,Реклам зар сурталчилгаа,,,
Мэдээлэл,Банктай холбоотой,Тендер худалдан авалттай холбоотой,,,
Мэдээлэл,Банктай холбоотой,Тодорхойгүй хүсэлт,,,
Мэдээлэл,Банктай холбоотой,ХААН Банкинд ажилд орох,,,
Мэдээлэл,Банктай холбоотой,Татвар төлөхтэй холбоотой,Төлөх заавар,,
Мэдээлэл,Банктай холбоотой,Татвар төлөхтэй холбоотой,Бусад,,
Мэдээлэл,Банктай холбоотой,Сайн үйлсийн аян,,,
Мэдээлэл,Банктай холбоотой,ХААН Банкны ажилтан холбогдсон,ОНИБ,,
Мэдээлэл,Банктай холбоотой,ХААН Банкны ажилтан холбогдсон,Төв банк,,
Мэдээлэл,Банктай холбоотой,ХААН Банкны ажилтан холбогдсон,УБИБ,,
Мэдээлэл,Банктай холбоотой,Салбар нэгжээс холбуулсан,Бүртгэлгүй дугаараас үйлчилгээ авах,,
Мэдээлэл,Банктай холбоотой,Салбар нэгжээс холбуулсан,Утсаар үйлчилгээ авах боломжгүй харилцагч чиглүүлсэн,,
Мэдээлэл,Банктай холбоотой,Банктай холбогдолгүй мэдээлэл,,,
Мэдээлэл,Салбар тт,Утасны дугаар,СХД,,
Мэдээлэл,Салбар тт,Утасны дугаар,СБД,,
Мэдээлэл,Салбар тт,Утасны дугаар,ХУД,,
Мэдээлэл,Салбар тт,Утасны дугаар,ЧГД,,
Мэдээлэл,Салбар тт,Утасны дугаар,Приорити ТТ,,
Мэдээлэл,Салбар тт,Утасны дугаар,Бизнес төв,,
Мэдээлэл,Салбар тт,Утасны дугаар,Орон нутаг ТТ,,
Мэдээлэл,Салбар тт,Утасны дугаар,Төв банк,,
Мэдээлэл,Салбар тт,Утасны дугаар,Төв банк  дотуур дугаар луу холбосон,,
Мэдээлэл,Салбар тт,Утасны дугаар,БГД,,
Мэдээлэл,Салбар тт,Утасны дугаар,БЗД,,
Мэдээлэл,Салбар тт,Хаяг байршил,БГД,,
Мэдээлэл,Салбар тт,Хаяг байршил,БЗД,,
Мэдээлэл,Салбар тт,Хаяг байршил,СХД,,
Мэдээлэл,Салбар тт,Хаяг байршил,СБД,,
Мэдээлэл,Салбар тт,Хаяг байршил,ХУД,,
Мэдээлэл,Салбар тт,Хаяг байршил,ЧГД,,
Мэдээлэл,Салбар тт,Хаяг байршил,Приорити ТТ,,
Мэдээлэл,Салбар тт,Хаяг байршил,Бизнес төв,,
Мэдээлэл,Салбар тт,Хаяг байршил,Орон нутаг ТТ,,
Мэдээлэл,Салбар тт,Хаяг байршил,Төв банк,,
Мэдээлэл,Салбар тт,Хаяг байршил,Хөдөлгөөнт ТТ,,
Мэдээлэл,Салбар тт,Цагийн хуваарь,17 00 цагаас хойш ажиллаж байгаа эсэх,,
Мэдээлэл,Салбар тт,Цагийн хуваарь,Амралтын өдрийн цагийн хуваарь,,
Мэдээлэл,Салбар тт,Цагийн хуваарь,Нийтийн амралтын өдрүүд,,
Мэдээлэл,Салбар тт,Цагийн хуваарь,СӨҮЛийн төлөөлөгчийн газар,,
Мэдээлэл,Салбар тт,Цагийн хуваарь,Хөдөлгөөнт ТТ,,
Мэдээлэл,Салбар тт,Цагийн хуваарь,Төв банк,,
Мэдээлэл,Терминал,ПОС,Cash back,,
Мэдээлэл,Терминал,ПОС,EPOS авах талаар,,
Мэдээлэл,Терминал,ПОС,Ашиглах заавар,,
Мэдээлэл,Терминал,ПОС,Орлого орох хугацаа,,
Мэдээлэл,Терминал,ПОС,Цаас захиалга,,
Мэдээлэл,Терминал,ПОС,Шимтгэл хураамж ерөнхий нөхцөл,,
Мэдээлэл,Терминал,ПОС,Шинэ ПОС авах,,
Мэдээлэл,Терминал,АТМ,Ажиллахгүй тухай,,
Мэдээлэл,Терминал,АТМ,Ашиглах заавар,Орлого хийх,Өөрийн дансанд
Мэдээлэл,Терминал,АТМ,Ашиглах заавар,Орлого хийх,Бусдын дансанд
Мэдээлэл,Терминал,АТМ,Ашиглах заавар,Зарлага хийх,
Мэдээлэл,Терминал,АТМ,Ашиглах заавар,Шилжүүлэг хийх,
Мэдээлэл,Терминал,АТМ,Ашиглах заавар,Төлбөр төлөх,
Мэдээлэл,Терминал,АТМ,Залгиулсан карт,АТМОНИБ,
Мэдээлэл,Терминал,АТМ,Залгиулсан карт,АТМУБИБ,Карт хураагдсан эсэхийг шалгасан
Мэдээлэл,Терминал,АТМ,Залгиулсан карт,АТМУБИБ,Карт хураалгах хүсэлт өгөх
Мэдээлэл,Терминал,АТМ,Залгиулсан карт,АТМУБИБ,Картын төвд хураагдаж ирсэн
Мэдээлэл,Терминал,АТМ,Залгиулсан карт,АТМУБИБ,Тооцооны төвд шилжүүлэх хүсэлт илгээсэн
Мэдээлэл,Терминал,АТМ,Залгиулсан карт,Бусад банкны АТМ,
Мэдээлэл,Терминал,АТМ,Залгиулсан карт,Тооцооны төвийн дэргэдэх АТМ,
Мэдээлэл,Терминал,АТМ,Залгиулсан карт,Яаралтай карт авах хүсэлт,
Мэдээлэл,Терминал,АТМ,Камерын бичлэг,,
Мэдээлэл,Терминал,АТМ,Хаяг байршил,БГД,
Мэдээлэл,Терминал,АТМ,Хаяг байршил,БЗД,
Мэдээлэл,Терминал,АТМ,Хаяг байршил,СХД,
Мэдээлэл,Терминал,АТМ,Хаяг байршил,СХД,
Мэдээлэл,Терминал,АТМ,Хаяг байршил,ХУД,
Мэдээлэл,Терминал,АТМ,Хаяг байршил,ЧГД,
Мэдээлэл,Терминал,АТМ,Хаяг байршил,Хөдөлгөөнт АТМ,
Мэдээлэл,Терминал,АТМ,Хаяг байршил,Орон нутаг,
Мэдээлэл,Терминал,АТМ,Цагийн хуваарь,БГД,
Мэдээлэл,Терминал,АТМ,Цагийн хуваарь,БЗД,
Мэдээлэл,Терминал,АТМ,Цагийн хуваарь,СХД,
Мэдээлэл,Терминал,АТМ,Цагийн хуваарь,СХД,
Мэдээлэл,Терминал,АТМ,Цагийн хуваарь,ХУД,
Мэдээлэл,Терминал,АТМ,Цагийн хуваарь,ЧГД,
Мэдээлэл,Терминал,АТМ,Цагийн хуваарь,Хөдөлгөөнт АТМ,
Мэдээлэл,Терминал,АТМ,Цагийн хуваарь,Орон нутаг,
Мэдээлэл,Терминал,АТМ,Шинэ АТМ суурилуулах,,
Мэдээлэл,Төлбөр тооцоо,Банк хоорондын гүйлгээ,Бага дүнтэй гүйлгээ 3 сая хүртэл дүнтэй,,
Мэдээлэл,Төлбөр тооцоо,Банк хоорондын гүйлгээ,Их дүнтэй гүйлгээ  3 саяс дээш дүнтэй,,
Мэдээлэл,Төлбөр тооцоо,Банк хоорондын гүйлгээ,Шимтгэл хураамж ерөнхий нөхцөл,,
Мэдээлэл,Төлбөр тооцоо,Банк хоорондын гүйлгээ,Гүйлгээ хийгдэх цагийн хязгаар,,
Мэдээлэл,Төлбөр тооцоо,Банк хоорондын гүйлгээ,Хөрвүүлгийн гүйлгээний мэдээлэл,,
Мэдээлэл,Төлбөр тооцоо,Валютын зузаатгал,,,
Мэдээлэл,Төлбөр тооцоо,Гадаад төлбөр тооцоо,Western Union,Ерөнхий мэдээлэл,
Мэдээлэл,Төлбөр тооцоо,Гадаад төлбөр тооцоо,Western Union,Шимтгэл хураамж ерөнхий нөхцөл,
Мэдээлэл,Төлбөр тооцоо,Гадаад төлбөр тооцоо,Western Union,Залруулга,
Мэдээлэл,Төлбөр тооцоо,Гадаад төлбөр тооцоо,Swift,Гадагшаа гуйвуулга шилжүүлэх,
Мэдээлэл,Төлбөр тооцоо,Гадаад төлбөр тооцоо,Swift,Гаднаас гуйвуулга хүлээж авах,
Мэдээлэл,Төлбөр тооцоо,Гадаад төлбөр тооцоо,Swift,Гадаад гуйвуулга буцаан дуудах,
Мэдээлэл,Төлбөр тооцоо,Гадаад төлбөр тооцоо,Swift,ХААН Банкны SWIFT code,
Мэдээлэл,Төлбөр тооцоо,Гадаад төлбөр тооцоо,Swift,Харилцагч банкуудын мэдээлэл,
Мэдээлэл,Төлбөр тооцоо,Гадаад төлбөр тооцоо,Swift,Шимтгэл хураамж ерөнхий нөхцөл,
Мэдээлэл,Төлбөр тооцоо,Гадаад төлбөр тооцоо,Swift,Swift tracker системийн тухай ерөнхий мэдээлэл,
Мэдээлэл,Төлбөр тооцоо,Ханшийн мэдээлэл,,,
Мэдээлэл,Төлбөр тооцоо,Хэлцэл хийх,Ерөнхий мэдээлэл,,
Мэдээлэл,Төлбөр тооцоо,Хэлцэл хийх,Хэлцлийн ажилтантай холбосон,,
Мэдээлэл,Халамж,НАӨТ буцаалт,Санхүүжилт орох хугацаа,,
Мэдээлэл,Халамж,НАӨТ буцаалт,Дансаа хэрхэн бүртгүүлэх,,
Мэдээлэл,Халамж,Одонгийн мөнгө,ХУД,,
Мэдээлэл,Халамж,Одонгийн мөнгө,БЗД,,
Мэдээлэл,Халамж,Одонгийн мөнгө,СБД,,
Мэдээлэл,Халамж,Одонгийн мөнгө,Орон нутаг,,
Мэдээлэл,Халамж,Оюутны тэтгэмж,Санхүүжилт орох хугацаа,,
Мэдээлэл,Халамж,Оюутны тэтгэмж,Дансаа хэрхэн бүртгүүлэх,,
Мэдээлэл,Халамж,Тэтгэвэр тэтгэмж,Улаанбаатар,,
Мэдээлэл,Халамж,Тэтгэвэр тэтгэмж,Орон нутаг,,
Мэдээлэл,Халамж,Тэтгэвэр тэтгэмж,Тэтгэврийн нэмэгдэл,,
Мэдээлэл,Халамж,Тэтгэвэр тэтгэмж,Тэтгэвэр олгох хугацаа,,
Мэдээлэл,Халамж,Тэтгэвэр тэтгэмж,Нас барсан хүний тэтгэврийн тухай,,
Мэдээлэл,Халамж,Халамжийн санхүүжилт,ХУД,,
Мэдээлэл,Халамж,Халамжийн санхүүжилт,БЗД,,
Мэдээлэл,Халамж,Халамжийн санхүүжилт,СБД,,
Мэдээлэл,Халамж,Халамжийн санхүүжилт,Орон нутаг,,
Мэдээлэл,Халамж,Халамжийн санхүүжилт,Халамж олгохгүй байгаа тухай,,
Мэдээлэл,Халамж,ХАОАТн буцаалт,Санхүүжилт орох хугацаа,,
Мэдээлэл,Халамж,ХАОАТн буцаалт,Дансаа хэрхэн бүртгүүлэх,,
Мэдээлэл,Халамж,Хүүхдийн мөнгө,Санхүүжилт орох хугацаа,,
Мэдээлэл,Халамж,Хүүхдийн мөнгө,Дансаа хэрхэн бүртгүүлэх,,
Мэдээлэл,Халамж,Цалинтай ээж,ХУД,,
Мэдээлэл,Халамж,Цалинтай ээж,БЗД,,
Мэдээлэл,Халамж,Цалинтай ээж,СБД,,
Мэдээлэл,Халамж,Цалинтай ээж,Орон нутаг,,
Мэдээлэл,Бусад цахим үйлчилгээ,Ашиглах заавар,Ухаалаг банк,Нууц үг хэрхэн солих,
Мэдээлэл,Бусад цахим үйлчилгээ,Ашиглах заавар,Ухаалаг банк,Гүйлгээ хэрхэн хийх,
Мэдээлэл,Бусад цахим үйлчилгээ,Ашиглах заавар,Ухаалаг банк,Данс нэмэх хасах,
Мэдээлэл,Бусад цахим үйлчилгээ,Ашиглах заавар,Ухаалаг банк,Нэвтрэх талаар,
Мэдээлэл,Бусад цахим үйлчилгээ,Ашиглах заавар,Ухаалаг банк,Нууцлалын талаар,
Мэдээлэл,Бусад цахим үйлчилгээ,Ашиглах заавар,Ухаалаг банк,App суулгах заавар,
Мэдээлэл,Бусад цахим үйлчилгээ,Ашиглах заавар,Ухаалаг банк,App шинэчлэх холбоос өгсөн,
Мэдээлэл,Бусад цахим үйлчилгээ,Ашиглах заавар,Ухаалаг банк,Мэдээлэл өгсөн,
Мэдээлэл,Бусад цахим үйлчилгээ,Ашиглах заавар,Ухаалаг банк,Шинэ app ашиглах заавар,
Мэдээлэл,Бусад цахим үйлчилгээ,Ашиглах заавар,Ухаалаг банк,Шинэчлэл,Гэрээ ирээгүй
Мэдээлэл,Бусад цахим үйлчилгээ,Ашиглах заавар,Телефон банк,Нууц үг хэрхэн солих,
Мэдээлэл,Бусад цахим үйлчилгээ,Ашиглах заавар,Телефон банк,Гүйлгээ хэрхэн хийх,
Мэдээлэл,Бусад цахим үйлчилгээ,Ашиглах заавар,Телефон банк,Үлдэгдэл шалгах,
Мэдээлэл,Бусад цахим үйлчилгээ,Ашиглах заавар,Qpay,Цэстэй холбоотой,
Мэдээлэл,Бусад цахим үйлчилгээ,Ашиглах заавар,Qpay,Гүйлгээ хийх,
Мэдээлэл,Бусад цахим үйлчилгээ,Ашиглах заавар,Khan pay,,
Мэдээлэл,Мобайл банк,Ашиглах заавар,Цэс ашиглах заавар,,
Мэдээлэл,Мобайл банк,Ашиглах заавар,Гүйлгээ хийх заавар,,
Мэдээлэл,Мобайл банк,Ашиглах заавар,Нүүц үг солих заавар,,
Мэдээлэл,Мобайл банк,Ашиглах заавар,Нууц үг сэргээх заавар,,
Мэдээлэл,Интернэт банк,Ашиглах заавар,Нууц үг сэргээх,Нэвтрэх,
Мэдээлэл,Интернэт банк,Ашиглах заавар,Нууц үг сэргээх,Гүйлгээний,
Мэдээлэл,Интернэт банк,Ашиглах заавар,Нууц үг сэргээх,OTP,
Мэдээлэл,Интернэт банк,Ашиглах заавар,Гүйлгээ хийх,Банк доторх гүйлгээ хийх заавар,
Мэдээлэл,Интернэт банк,Ашиглах заавар,Гүйлгээ хийх,Банк хоорондын гүйлгээ хийх заавар,
Мэдээлэл,Интернэт банк,Ашиглах заавар,Гүйлгээ хийх,Гадаад гүйлгээ хийх заавар,
Мэдээлэл,Интернэт банк,Ашиглах заавар,Гүйлгээ хийх,Кредит картын төлбөр төлөх заавар,
Мэдээлэл,Интернэт банк,Ашиглах заавар,Гүйлгээ хийх,Картаас карт руу гүйлгээ хийх заавар,
Мэдээлэл,Интернэт банк,Ашиглах заавар,Гүйлгээ хийх,Гааль татварын төлбөр төлөх заавар,
Мэдээлэл,Интернэт банк,Ашиглах заавар,Баримт нөхөж авах,,
Мэдээлэл,Интернэт банк,Ашиглах заавар,Хуулга авах заавар,,
Мэдээлэл,Интернэт банк,Ашиглах заавар,Цэсний талаар,Данс,
Мэдээлэл,Интернэт банк,Ашиглах заавар,Цэсний талаар,Карт,
Мэдээлэл,Интернэт банк,Ашиглах заавар,Цэсний талаар,Төлбөр,
Мэдээлэл,Интернэт банк,Ашиглах заавар,Цэсний талаар,Зээл,
Мэдээлэл,Интернэт банк,Ашиглах заавар,Цэсний талаар,Үйлчилгээ,
Мэдээлэл,Интернэт банк,Ашиглах заавар,Гүйлгээний загвар,,
Мэдээлэл,Интернэт банк,Ашиглах заавар,Идэвхижүүлэх код сэргээх,,
Мэдээлэл,Интернэт банк,Ашиглах заавар,Васко төхөөрөмж,,
Мэдээлэл,Интернэт банк,Ерөнхий мэдээлэл,Хэрхэн бүртгүүлэх,,
Мэдээлэл,Интернэт банк,Ерөнхий мэдээлэл,Шимтгэл хураамж ерөнхий нөхцөл,Банк доторх гүйлгээний шимтгэл,
Мэдээлэл,Интернэт банк,Ерөнхий мэдээлэл,Шимтгэл хураамж ерөнхий нөхцөл,Банк хоорондын гүйлгээний шимтгэл,
Мэдээлэл,Интернэт банк,Ерөнхий мэдээлэл,Шимтгэл хураамж ерөнхий нөхцөл,Банк хоорондын гүйлгээний шимтгэл   430 хүртэл 240 төгрөг болсон,
Мэдээлэл,Мобайл банк,Ерөнхий мэдээлэл,Хэрхэн бүртгүүлэх,,
Мэдээлэл,Мобайл банк,Ерөнхий мэдээлэл,Шимтгэл хураамж ерөнхий нөхцөл,Скайтел,
Мэдээлэл,Мобайл банк,Ерөнхий мэдээлэл,Шимтгэл хураамж ерөнхий нөхцөл,Мобиком,
Мэдээлэл,Мобайл банк,Ерөнхий мэдээлэл,Шимтгэл хураамж ерөнхий нөхцөл,Юнител,
Мэдээлэл,Мобайл банк,Ерөнхий мэдээлэл,Шимтгэл хураамж ерөнхий нөхцөл,Ерөнхий,
Мэдээлэл,Бусад цахим үйлчилгээ,Ерөнхий мэдээлэл,Ухаалаг банк,Хэрхэн бүртгүүлэх,
Мэдээлэл,Бусад цахим үйлчилгээ,Ерөнхий мэдээлэл,Ухаалаг банк,Шимтгэл хураамж ерөнхий нөхцөл,
Мэдээлэл,Бусад цахим үйлчилгээ,Ерөнхий мэдээлэл,Телефон банк,Хэрхэн бүртгүүлэх,
Мэдээлэл,Бусад цахим үйлчилгээ,Ерөнхий мэдээлэл,Телефон банк,Шимтгэл хураамж ерөнхий нөхцөл,
Мэдээлэл,Бусад цахим үйлчилгээ,Ерөнхий мэдээлэл,Ибиллинг,Хэрхэн бүртгүүлэх,
Мэдээлэл,Бусад цахим үйлчилгээ,Ерөнхий мэдээлэл,Ибиллинг,Шимтгэл хураамж ерөнхий нөхцөл,
Мэдээлэл,Бусад цахим үйлчилгээ,Ерөнхий мэдээлэл,Ибиллинг,НӨАТн баримт авах,
Мэдээлэл,Бусад цахим үйлчилгээ,Ерөнхий мэдээлэл,Qpay,Байгууллага Qpayд бүртгүүлэх,
Мэдээлэл,Бусад цахим үйлчилгээ,Ерөнхий мэдээлэл,Qpay,Шимтгэл хураамж ерөнхий нөхцөл,
Мэдээлэл,Бусад цахим үйлчилгээ,Ерөнхий мэдээлэл,Qpay,Үйлчилгээ үзүүлэгч байгууллагууд,
Мэдээлэл,Бусад цахим үйлчилгээ,Ерөнхий мэдээлэл,Khan pay,Шимтгэл хураамж ерөнхий нөхцөл,
Мэдээлэл,Бусад цахим үйлчилгээ,Ерөнхий мэдээлэл,Khan pay,НӨАТ баримт хэрхэн авах,
Мэдээлэл,Бусад цахим үйлчилгээ,Ерөнхий мэдээлэл,Ухаалаг мэдээ,Хэрхэн бүртгүүлэх,
Мэдээлэл,Бусад цахим үйлчилгээ,Ерөнхий мэдээлэл,Ухаалаг мэдээ,Шимтгэл хураамж ерөнхий нөхцөл,
Мэдээлэл,Бусад цахим үйлчилгээ,Ерөнхий мэдээлэл,App store,од 45,
Мэдээлэл,Бусад цахим үйлчилгээ,Ерөнхий мэдээлэл,App store,од 34,
Мэдээлэл,Бусад цахим үйлчилгээ,Ерөнхий мэдээлэл,App store,од 1,
Мэдээлэл,Бусад цахим үйлчилгээ,Ерөнхий мэдээлэл,Play store,од 45,
Мэдээлэл,Бусад цахим үйлчилгээ,Ерөнхий мэдээлэл,Play store,од 23,
Мэдээлэл,Бусад цахим үйлчилгээ,Ерөнхий мэдээлэл,Play store,од 1,
Мэдээлэл,Интернэт банк,Нууцлалын талаар,,,
Мэдээлэл,Харилцах хадгаламж,Харилцах данс,Энгийн харилцах данс,Бүрдүүлэх материал,
Мэдээлэл,Харилцах хадгаламж,Харилцах данс,Энгийн харилцах данс,Ерөнхий нөхцөл,
Мэдээлэл,Харилцах хадгаламж,Харилцах данс,Цалингийн харилцах данс,Бүрдүүлэх материал,
Мэдээлэл,Харилцах хадгаламж,Харилцах данс,Цалингийн харилцах данс,Ерөнхий нөхцөл,
Мэдээлэл,Харилцах хадгаламж,Харилцах данс,Тэтгэврийн харилцах данс,Бүрдүүлэх материал,
Мэдээлэл,Харилцах хадгаламж,Харилцах данс,Тэтгэврийн харилцах данс,Ерөнхий нөхцөл,
Мэдээлэл,Харилцах хадгаламж,Харилцах данс,Хүүхдийн мөнгөни харилцах данс,Бүрдүүлэх материал,
Мэдээлэл,Харилцах хадгаламж,Харилцах данс,Хүүхдийн мөнгөни харилцах данс,Ерөнхий нөхцөл,
Мэдээлэл,Харилцах хадгаламж,Хугацаатай хадгаламж,Энгийн хугацаатай хадгаламж,Бүрдүүлэх материал,
Мэдээлэл,Харилцах хадгаламж,Хугацаатай хадгаламж,Энгийн хугацаатай хадгаламж,Ерөнхий нөхцөл,
Мэдээлэл,Харилцах хадгаламж,Хугацаатай хадгаламж,Хуримтлалын хадгаламж,Бүрдүүлэх материал,
Мэдээлэл,Харилцах хадгаламж,Хугацаатай хадгаламж,Хуримтлалын хадгаламж,Ерөнхий нөхцөл,
Мэдээлэл,Харилцах хадгаламж,Хугацаатай хадгаламж,Боловсрол  Хүүхдийн ирээдүй хадгаламж,Бүрдүүлэх материал,
Мэдээлэл,Харилцах хадгаламж,Хугацаатай хадгаламж,Боловсрол  Хүүхдийн ирээдүй хадгаламж,Ерөнхий нөхцөл,
Мэдээлэл,Харилцах хадгаламж,Хугацаатай хадгаламж,Урьдчилсан хүүт хадгаламж,Бүрдүүлэх материал,
Мэдээлэл,Харилцах хадгаламж,Хугацаатай хадгаламж,Урьдчилсан хүүт хадгаламж,Ерөнхий нөхцөл,
Мэдээлэл,Харилцах хадгаламж,Хугацаатай хадгаламж,Хадгаламжийн сертификат,Бүрдүүлэх материал,
Мэдээлэл,Харилцах хадгаламж,Хугацаатай хадгаламж,Хадгаламжийн сертификат,Ерөнхий нөхцөл,
Мэдээлэл,Харилцах хадгаламж,Хугацаатай хадгаламж,Малчны хугацаатай хадгаламж,Бүрдүүлэх материал,
Мэдээлэл,Харилцах хадгаламж,Хугацаатай хадгаламж,Малчны хугацаатай хадгаламж,Ерөнхий нөхцөл,
Мэдээлэл,Харилцах хадгаламж,Хугацаатай хадгаламж,Солонгосын визний хадгаламж,Бүрдүүлэх материал,
Мэдээлэл,Харилцах хадгаламж,Хугацаатай хадгаламж,Солонгосын визний хадгаламж,Ерөнхий нөхцөл,
Мэдээлэл,Харилцах хадгаламж,Хугацаагүй хадгаламж,Энгийн хугацаагүй хадгаламж,Бүрдүүлэх материал,
Мэдээлэл,Харилцах хадгаламж,Хугацаагүй хадгаламж,Энгийн хугацаагүй хадгаламж,Ерөнхий нөхцөл,
Мэдээлэл,Харилцах хадгаламж,Хугацаагүй хадгаламж,Хүүгээс хүү бодох хугацаагүй хадгаламж,Бүрдүүлэх материал,
Мэдээлэл,Харилцах хадгаламж,Хугацаагүй хадгаламж,Хүүгээс хүү бодох хугацаагүй хадгаламж,Ерөнхий нөхцөл,
Мэдээлэл,Харилцах хадгаламж,Онлайн хадгаламж,Онлайн хугацаатай хадгаламж,,
Мэдээлэл,Харилцах хадгаламж,Данс хаах тухай,,,
Мэдээлэл,Харилцах хадгаламж,Хамтран эзэмшигч бүртгэх тухай,,,
Мэдээлэл,Харилцах хадгаламж,Эксроу данс,,,
Мэдээлэл,Харилцах хадгаламж,Биеийн байцаалт бичиг баримт,,,
Мэдээлэл,Харилцах хадгаламж,Визний данс,АНУн визний хураамж төлөх заавар,,
Мэдээлэл,Харилцах хадгаламж,Визний данс,Солонгосын визний данс нээх,,
Мэдээлэл,Харилцах хадгаламж,Визний данс,Солонгосын визний данс хаах,,
Мэдээлэл,Харилцах хадгаламж,Визний данс,Визний тодорхойлолт авах,,
Мэдээлэл,Харилцах хадгаламж,Өвлөх эрхийн гэрчилгээ,,,
Мэдээлэл,Харилцах хадгаламж,Гадаадын иргэнд данс нээх тухай,,,
Мэдээлэл,Бусад үйлчилгээ,Хуримтлалын үйлчилгээ,,,
Мэдээлэл,Бусад үйлчилгээ,ХААН Банкны чекийн үйлчилгээ,,,
Мэдээлэл,Бусад үйлчилгээ,Даатгал,,,
Мэдээлэл,Бусад үйлчилгээ,Баталгаа,,,
Мэдээлэл,Бусад үйлчилгээ,Үнэт зүйл хадгалах үйлчилгээ,,,
Мэдээлэл,Бусад үйлчилгээ,Үнэт цаас арилжааны төлбөр тооцоо,,,
Мэдээлэл,Бусад үйлчилгээ,Итгэмжлэлийн үйлчилгээ,Тайлбар бичих,,
Мэдээлэл,Бусад үйлчилгээ,Тодорхойлолт,Депозит данстай холбоотой тодорхойлолт,,
Мэдээлэл,Бусад үйлчилгээ,Тодорхойлолт,Импортын аккредетив,,
Мэдээлэл,Бусад үйлчилгээ,Тодорхойлолт,Өр зээлгүй тодорхойлолт,,
Мэдээлэл,Бусад үйлчилгээ,Тодорхойлолт,Экспортын аккредетив,,
Мэдээлэл,Бусад үйлчилгээ,Тодорхойлолт,Эх үүсвэргүй баталгаа батлан даалт,,
Мэдээлэл,Бусад үйлчилгээ,Тодорхойлолт,Эх үүсвэртэй баталгаа батлан даалт,,
Мэдээлэл,Байгууллагын үйлчилгээ,Харилцах данс,Энгийн харилцах данс,,
Мэдээлэл,Байгууллагын үйлчилгээ,Харилцах данс,Шаталсан хүүт харилцах данс,,
Мэдээлэл,Байгууллагын үйлчилгээ,Харилцах данс,Хадгаламж,Хугацаагүй хадгаламж,
Мэдээлэл,Байгууллагын үйлчилгээ,Харилцах данс,Хадгаламж,Хугацаатай хадгаламж,
Мэдээлэл,Байгууллагын үйлчилгээ,Харилцах данс,Хадгаламж,Сертификат,
Мэдээлэл,Байгууллагын үйлчилгээ,Харилцах данс,Хадгаламж,Тусгай хадгаламж,
Мэдээлэл,Байгууллагын үйлчилгээ,Харилцах данс,Бүрдүүлэх материал,,
Мэдээлэл,Байгууллагын үйлчилгээ,Бусад үйлчилгээ,Свип үйлчилгээ,,
Мэдээлэл,Байгууллагын үйлчилгээ,Бусад үйлчилгээ,Жагсаалтаар гүйлгээ хийх үйлчилгээ,,
Мэдээлэл,Байгууллагын үйлчилгээ,Бусад үйлчилгээ,Цүнхээр мөнгө хураах үйлчилгээ,,
Мэдээлэл,Байгууллагын үйлчилгээ,Бусад үйлчилгээ,Эскроу үйлчилгээ,,
Мэдээлэл,Байгууллагын үйлчилгээ,Бусад үйлчилгээ,Дотоодын баталгаа,,
Мэдээлэл,Байгууллагын үйлчилгээ,Бусад үйлчилгээ,Гадаадын баталгаа,,
Мэдээлэл,Байгууллагын үйлчилгээ,Бусад үйлчилгээ,Кастадион банкны үйлчилгээ,,
Мэдээлэл,Байгууллагын үйлчилгээ,Бусад үйлчилгээ,ХААН Банкны чекийн үйлчилгээ,,
Мэдээлэл,Байгууллагын үйлчилгээ,Бусад үйлчилгээ,Corporate gateway,,
Мэдээлэл,Байгууллагын үйлчилгээ,Бусад үйлчилгээ,Худалдааны санхүүжилт,,
Мэдээлэл,Байгууллагын үйлчилгээ,Дансанд орсон хүүний татвар,,,
Мэдээлэл,Байгууллагын үйлчилгээ,Интернэт банкны үйлчилгээ,Интернэт банкны үйлчилгээ,,
Мэдээлэл,Байгууллагын үйлчилгээ,Байгууллагын карт,Байгууллагын карт,,
Мэдээлэл,Байгууллагын үйлчилгээ,Аккредитив,Импортын аккредитив,,
Мэдээлэл,Байгууллагын үйлчилгээ,Аккредитив,Экспортын аккредитив,,
Мэдээлэл,Байгууллагын үйлчилгээ,Инкасс,Импортын инкасс,,
Мэдээлэл,Байгууллагын үйлчилгээ,Инкасс,Экспортын инкасс,,
Мэдээлэл,Байгууллагын зээлийн үйлчилгээ,Бизнесийн зээл,Ерөнхий нөхцөл,,
Мэдээлэл,Байгууллагын зээлийн үйлчилгээ,Бизнесийн зээл,Бүрдүүлэх материал,,
Мэдээлэл,Байгууллагын зээлийн үйлчилгээ,Бизнесийн зээл,Тавигдах шаардлага,,
Мэдээлэл,Байгууллагын зээлийн үйлчилгээ,Хөрөнгө оруулалтын зээл,Ерөнхий нөхцөл,,
Мэдээлэл,Байгууллагын зээлийн үйлчилгээ,Хөрөнгө оруулалтын зээл,Бүрдүүлэх материал,,
Мэдээлэл,Байгууллагын зээлийн үйлчилгээ,Хөрөнгө оруулалтын зээл,Тавигдах шаардлага,,
Мэдээлэл,Байгууллагын зээлийн үйлчилгээ,Эргэлтийн хөрөнгийн зээл,Ерөнхий нөхцөл,,
Мэдээлэл,Байгууллагын зээлийн үйлчилгээ,Эргэлтийн хөрөнгийн зээл,Бүрдүүлэх материал,,
Мэдээлэл,Байгууллагын зээлийн үйлчилгээ,Эргэлтийн хөрөнгийн зээл,Тавигдах шаардлага,,
Мэдээлэл,Байгууллагын зээлийн үйлчилгээ,Газар тариалангийн зээл,Ерөнхий нөхцөл,,
Мэдээлэл,Байгууллагын зээлийн үйлчилгээ,Газар тариалангийн зээл,Бүрдүүлэх материал,,
Мэдээлэл,Байгууллагын зээлийн үйлчилгээ,Газар тариалангийн зээл,Тавигдах шаардлага,,
Мэдээлэл,Байгууллагын зээлийн үйлчилгээ,Оюу Толгой ХХК  ийн ханган нийлүүлэгчдэд зориулсан зээл,Ерөнхий нөхцөл,,
Мэдээлэл,Байгууллагын зээлийн үйлчилгээ,Оюу Толгой ХХК  ийн ханган нийлүүлэгчдэд зориулсан зээл,Бүрдүүлэх материал,,
Мэдээлэл,Байгууллагын зээлийн үйлчилгээ,Оюу Толгой ХХК  ийн ханган нийлүүлэгчдэд зориулсан зээл,Тавигдах шаардлага,,
Мэдээлэл,Байгууллагын зээлийн үйлчилгээ,Зээлийн шугам,Ерөнхий нөхцөл,,
Мэдээлэл,Байгууллагын зээлийн үйлчилгээ,Зээлийн шугам,Бүрдүүлэх материал,,
Мэдээлэл,Байгууллагын зээлийн үйлчилгээ,Зээлийн шугам,Тавигдах шаардлага,,
Мэдээлэл,Байгууллагын зээлийн үйлчилгээ,Шуурхай бичил зээл,Ерөнхий нөхцөл,,
Мэдээлэл,Байгууллагын зээлийн үйлчилгээ,Шуурхай бичил зээл,Бүрдүүлэх материал,,
Мэдээлэл,Байгууллагын зээлийн үйлчилгээ,Шуурхай бичил зээл,Тавигдах шаардлага,,
Мэдээлэл,Байгууллагын зээлийн үйлчилгээ,Гэрээ барьцаалсан бизнесийн зээл,Ерөнхий нөхцөл,,
Мэдээлэл,Байгууллагын зээлийн үйлчилгээ,Гэрээ барьцаалсан бизнесийн зээл,Бүрдүүлэх материал,,
Мэдээлэл,Байгууллагын зээлийн үйлчилгээ,Гэрээ барьцаалсан бизнесийн зээл,Тавигдах шаардлага,,
Мэдээлэл,Байгууллагын зээлийн үйлчилгээ,Төслийн зээл,Ерөнхий нөхцөл,,
Мэдээлэл,Байгууллагын зээлийн үйлчилгээ,Төслийн зээл,Бүрдүүлэх материал,,
Мэдээлэл,Байгууллагын зээлийн үйлчилгээ,Төслийн зээл,Тавигдах шаардлага,,
Мэдээлэл,Байгууллагын зээлийн үйлчилгээ,Худалдааны зээлийн эрх,Ерөнхий нөхцөл,,
Мэдээлэл,Байгууллагын зээлийн үйлчилгээ,Худалдааны зээлийн эрх,Бүрдүүлэх материал,,
Мэдээлэл,Байгууллагын зээлийн үйлчилгээ,Худалдааны зээлийн эрх,Тавигдах шаардлага,,
Мэдээлэл,Байгууллагын зээлийн үйлчилгээ,Барьцааны данс,,,
Мэдээлэл,Иргэд зээлийн үйлчилгээ,Зээлийн хүү 90 хоног хойшлуулах талаар,Хэрэгжиж эхлэх хугацаа,,
Мэдээлэл,Иргэд зээлийн үйлчилгээ,Зээлийн хүү 90 хоног хойшлуулах талаар,Зээлийн хугацаа болон төлөлт өөрчлөгдөх эсэх,,
Мэдээлэл,Иргэд зээлийн үйлчилгээ,Зээлийн хүү 90 хоног хойшлуулах талаар,Хамаарах зээлийн төрлүүд,,
Мэдээлэл,Иргэд зээлийн үйлчилгээ,Зээлийн хүү 90 хоног хойшлуулах талаар,Бусадтайлбар заавал бичих,,
Мэдээлэл,Иргэд зээлийн үйлчилгээ,Зээлийн хүү 90 хоног хойшлуулах талаар,Зээлээ төлсөн харилцагч,,
Мэдээлэл,Иргэд зээлийн үйлчилгээ,Зээлийн хүү 90 хоног хойшлуулах талаар,Зээлийн гэрээндээ өөрчлөлт оруулах хүсэлт өгөх,,
Мэдээлэл,Иргэд зээлийн үйлчилгээ,Зээлийн хүү 90 хоног хойшлуулах талаар,Хүсэлтээ өгөөд хэд хоногт шийдвэрлэгдэх талаар,,
Мэдээлэл,Иргэд зээлийн үйлчилгээ,Зээлийн хүү 90 хоног хойшлуулах талаар,Зээл авсан салбараа лавласан,,
Мэдээлэл,Иргэд зээлийн үйлчилгээ,Зээлийн хүү 90 хоног хойшлуулах талаар,Кредит картын хугацаа хэтрүүлсний шимтгэл,,
Мэдээлэл,Иргэд зээлийн үйлчилгээ,Зээлийн хүү 90 хоног хойшлуулах талаар,Сарын төлөлт нэмэгдүүлсэн хүүтэй холбоотой,,
Мэдээлэл,Иргэд зээлийн үйлчилгээ,Зээлийн хүү 90 хоног хойшлуулах талаар,Хорио цээртэй холбоотой зээлийн ангилалд өөрчлөл орох эсэх,,
Мэдээлэл,Иргэд зээлийн үйлчилгээ,Зээлийн хүү 90 хоног хойшлуулах талаар,Хорио цээрээс өмнөх зээлийн ангилалд өөрчлөлт орохгүй тухай,,
Мэдээлэл,Иргэд зээлийн үйлчилгээ,Зээлийн хүү 90 хоног хойшлуулах талаар,ХААН банкны эх үүсвэртэй олгосон Орон сууцны зээл,,
Мэдээлэл,Иргэд зээлийн үйлчилгээ,Зээлийн хүү 90 хоног хойшлуулах талаар,Орон сууцны Ипотекийн МИКийн,,
Мэдээлэл,Иргэд зээлийн үйлчилгээ,Зээлийн төлөлт хойшлуулах талаар,Цалингийн зээл,,
Мэдээлэл,Иргэд зээлийн үйлчилгээ,Зээлийн төлөлт хойшлуулах талаар,Өрхийн зээл,,
Мэдээлэл,Иргэд зээлийн үйлчилгээ,Зээлийн төлөлт хойшлуулах талаар,Хэрэглээний лизинг,,
Мэдээлэл,Иргэд зээлийн үйлчилгээ,Зээлийн төлөлт хойшлуулах талаар,Сургалтын төлбөрийн зээл,,
Мэдээлэл,Иргэд зээлийн үйлчилгээ,Зээлийн төлөлт хойшлуулах талаар,Орон сууц худалдан авах зээл,,
Мэдээлэл,Иргэд зээлийн үйлчилгээ,Зээлийн төлөлт хойшлуулах талаар,Хашаа байшин худалдан авах  барих зээл,,
Мэдээлэл,Иргэд зээлийн үйлчилгээ,Зээлийн төлөлт хойшлуулах талаар,Малчны зээл,,
Мэдээлэл,Иргэд зээлийн үйлчилгээ,Зээлийн төлөлт хойшлуулах талаар,Тэтгэврийн зээл,,
Мэдээлэл,Иргэд зээлийн үйлчилгээ,Зээлийн төлөлт хойшлуулах талаар,Бусад зээл,,
Мэдээлэл,Иргэд зээлийн үйлчилгээ,Зээлийн төлөлт хойшлуулах талаар,Ипотекийн зээл,,
Мэдээлэл,Иргэд зээлийн үйлчилгээ,Цалингийн зээл,Ерөнхий нөхцөл,,
Мэдээлэл,Иргэд зээлийн үйлчилгээ,Цалингийн зээл,Бүрдүүлэх материал,,
Мэдээлэл,Иргэд зээлийн үйлчилгээ,Цалингийн зээл,Тавигдах шаардлага,,
Мэдээлэл,Иргэд зээлийн үйлчилгээ,Цалингийн зээл,Онлайнаар зээл авах тухай,,
Мэдээлэл,Иргэд зээлийн үйлчилгээ,Өрхийн зээл,Ерөнхий нөхцөл,,
Мэдээлэл,Иргэд зээлийн үйлчилгээ,Өрхийн зээл,Бүрдүүлэх материал,,
Мэдээлэл,Иргэд зээлийн үйлчилгээ,Өрхийн зээл,Тавигдах шаардлага,,
Мэдээлэл,Иргэд зээлийн үйлчилгээ,Хэрэглээний лизинг,Ерөнхий нөхцөл,,
Мэдээлэл,Иргэд зээлийн үйлчилгээ,Хэрэглээний лизинг,Бүрдүүлэх материал,,
Мэдээлэл,Иргэд зээлийн үйлчилгээ,Хэрэглээний лизинг,Тавигдах шаардлага,,
Мэдээлэл,Иргэд зээлийн үйлчилгээ,Хэрэглээний лизинг,Лизингийн хамтран ажиллах гэрээ байгуулах тухай,,
Мэдээлэл,Иргэд зээлийн үйлчилгээ,Хэрэглээний лизинг,Хэрэглээний лизинг олгохгүй байгаа тухай,,
Мэдээлэл,Иргэд зээлийн үйлчилгээ,Тэтгэврийн зээл,Хүсэлт өгсөн,Програмд бүртгэсэн,
Мэдээлэл,Иргэд зээлийн үйлчилгээ,Тэтгэврийн зээл,Хүсэлт өгсөн,Имэйлр хүсэлтийг явуулсан,
Мэдээлэл,Иргэд зээлийн үйлчилгээ,Тэтгэврийн зээл,Хүсэлт өгсөн,Хариугаа асуусан,
Мэдээлэл,Иргэд зээлийн үйлчилгээ,Тэтгэврийн зээл,Ерөнхий нөхцөл,,
Мэдээлэл,Иргэд зээлийн үйлчилгээ,Тэтгэврийн зээл,Бүрдүүлэх материал,,
Мэдээлэл,Иргэд зээлийн үйлчилгээ,Тэтгэврийн зээл,Тавигдах шаардлага,,
Мэдээлэл,Иргэд зээлийн үйлчилгээ,Хадгаламж барьцаалсан зээл,Ерөнхий нөхцөл,,
Мэдээлэл,Иргэд зээлийн үйлчилгээ,Хадгаламж барьцаалсан зээл,Бүрдүүлэх материал,,
Мэдээлэл,Иргэд зээлийн үйлчилгээ,Хадгаламж барьцаалсан зээл,Тавигдах шаардлага,,
Мэдээлэл,Иргэд зээлийн үйлчилгээ,Сургалтын төлбөрийн зээл,Ерөнхий нөхцөл,,
Мэдээлэл,Иргэд зээлийн үйлчилгээ,Сургалтын төлбөрийн зээл,Бүрдүүлэх материал,,
Мэдээлэл,Иргэд зээлийн үйлчилгээ,Сургалтын төлбөрийн зээл,Тавигдах шаардлага,,
Мэдээлэл,Иргэд зээлийн үйлчилгээ,Ногоон зээл,Ерөнхий нөхцөл,,
Мэдээлэл,Иргэд зээлийн үйлчилгээ,Ногоон зээл,Бүрдүүлэх материал,,
Мэдээлэл,Иргэд зээлийн үйлчилгээ,Ногоон зээл,Тавигдах шаардлага,,
Мэдээлэл,Иргэд зээлийн үйлчилгээ,Аяллын зээл,Ерөнхий нөхцөл,,
Мэдээлэл,Иргэд зээлийн үйлчилгээ,Аяллын зээл,Бүрдүүлэх материал,,
Мэдээлэл,Иргэд зээлийн үйлчилгээ,Аяллын зээл,Тавигдах шаардлага,,
Мэдээлэл,Иргэд зээлийн үйлчилгээ,Орон сууц худалдан авах зээл,Ерөнхий нөхцөл,,
Мэдээлэл,Иргэд зээлийн үйлчилгээ,Орон сууц худалдан авах зээл,Бүрдүүлэх материал,,
Мэдээлэл,Иргэд зээлийн үйлчилгээ,Орон сууц худалдан авах зээл,Тавигдах шаардлага,,
Мэдээлэл,Иргэд зээлийн үйлчилгээ,Амины орон сууц худалдан авах  барих зээл,Ерөнхий нөхцөл,,
Мэдээлэл,Иргэд зээлийн үйлчилгээ,Амины орон сууц худалдан авах  барих зээл,Бүрдүүлэх материал,,
Мэдээлэл,Иргэд зээлийн үйлчилгээ,Амины орон сууц худалдан авах  барих зээл,Тавигдах шаардлага,,
Мэдээлэл,Иргэд зээлийн үйлчилгээ,Хашаа байшин худалдан авах  барих зээл,Ерөнхий нөхцөл,,
Мэдээлэл,Иргэд зээлийн үйлчилгээ,Хашаа байшин худалдан авах  барих зээл,Бүрдүүлэх материал,,
Мэдээлэл,Иргэд зээлийн үйлчилгээ,Хашаа байшин худалдан авах  барих зээл,Тавигдах шаардлага,,
Мэдээлэл,Иргэд зээлийн үйлчилгээ,Орон сууцны ипотекийн зээл,Ерөнхий нөхцөл,,
Мэдээлэл,Иргэд зээлийн үйлчилгээ,Орон сууцны ипотекийн зээл,Бүрдүүлэх материал,,
Мэдээлэл,Иргэд зээлийн үйлчилгээ,Орон сууцны ипотекийн зээл,Тавигдах шаардлага,,
Мэдээлэл,Иргэд зээлийн үйлчилгээ,Малчны зээл,Ерөнхий нөхцөл,,
Мэдээлэл,Иргэд зээлийн үйлчилгээ,Малчны зээл,Бүрдүүлэх материал,,
Мэдээлэл,Иргэд зээлийн үйлчилгээ,Малчны зээл,Тавигдах шаардлага,,
Мэдээлэл,Иргэд зээлийн үйлчилгээ,Хөнгөлөлттэй нөхцөл бүхий малчны зээл,Ерөнхий нөхцөл,,
Мэдээлэл,Иргэд зээлийн үйлчилгээ,Хөнгөлөлттэй нөхцөл бүхий малчны зээл,Бүрдүүлэх материал,,
Мэдээлэл,Иргэд зээлийн үйлчилгээ,Хөнгөлөлттэй нөхцөл бүхий малчны зээл,Тавигдах шаардлага,,
Мэдээлэл,Иргэд зээлийн үйлчилгээ,Бизнесийн зээл,Ерөнхий нөхцөл,,
Мэдээлэл,Иргэд зээлийн үйлчилгээ,Бизнесийн зээл,Бүрдүүлэх материал,,
Мэдээлэл,Иргэд зээлийн үйлчилгээ,Бизнесийн зээл,Тавигдах шаардлага,,
Мэдээлэл,Иргэд зээлийн үйлчилгээ,Алт барьцаалсан зээл,Ерөнхий нөхцөл,,
Мэдээлэл,Иргэд зээлийн үйлчилгээ,Алт барьцаалсан зээл,Бүрдүүлэх материал,,
Мэдээлэл,Иргэд зээлийн үйлчилгээ,Алт барьцаалсан зээл,Тавигдах шаардлага,,
Мэдээлэл,Иргэд зээлийн үйлчилгээ,Баталгааны зээл,Ерөнхий нөхцөл,,
Мэдээлэл,Иргэд зээлийн үйлчилгээ,Баталгааны зээл,Бүрдүүлэх материал,,
Мэдээлэл,Иргэд зээлийн үйлчилгээ,Баталгааны зээл,Тавигдах шаардлага,,
Мэдээлэл,Иргэд зээлийн үйлчилгээ,ОСны зээлийн идэвхижүүлэлтийн талаар мэдээлэл авсан суваг,Телевизийн сурталчилгаа,,
Мэдээлэл,Иргэд зээлийн үйлчилгээ,ОСны зээлийн идэвхижүүлэлтийн талаар мэдээлэл авсан суваг,Банкнаас хүргүүлсэн имэйл мессеж,,
Мэдээлэл,Иргэд зээлийн үйлчилгээ,ОСны зээлийн идэвхижүүлэлтийн талаар мэдээлэл авсан суваг,Танил найз нөхөд гэр бүлийнхэн,,
Мэдээлэл,Иргэд зээлийн үйлчилгээ,ОСны зээлийн идэвхижүүлэлтийн талаар мэдээлэл авсан суваг,Банкны вэбсайт khanbank com,,
Мэдээлэл,Иргэд зээлийн үйлчилгээ,ОСны зээлийн идэвхижүүлэлтийн талаар мэдээлэл авсан суваг,Мэдээний вэбсайтууд gogo mn г м,,
Мэдээлэл,Иргэд зээлийн үйлчилгээ,ОСны зээлийн идэвхижүүлэлтийн талаар мэдээлэл авсан суваг,Дэлгүүр худалдаа үйлчилгээний төв,,
Мэдээлэл,Иргэд зээлийн үйлчилгээ,ОСны зээлийн идэвхижүүлэлтийн талаар мэдээлэл авсан суваг,Бусад,,
Мэдээлэл,Иргэд зээлийн үйлчилгээ,ОСны зээлийн идэвхижүүлэлтийн талаар мэдээлэл авсан суваг,Мэдээний вэбсайтууд gogo mn г м,,
Мэдээлэл,Иргэд зээлийн үйлчилгээ,ОСны зээлийн идэвхижүүлэлтийн талаар мэдээлэл авсан суваг,Брошюр тараах материал,,
Мэдээлэл,Иргэд зээлийн үйлчилгээ,ОСны зээлийн идэвхижүүлэлтийн талаар мэдээлэл авсан суваг,Гудамж дахь биллбоард сурталчилгааны самбар,,
Мэдээлэл,Иргэд зээлийн үйлчилгээ,ОСны зээлийн идэвхижүүлэлтийн талаар мэдээлэл авсан суваг,АТМ дэлгэц дээрх сурталчилгаа,,
Мэдээлэл,Иргэд зээлийн үйлчилгээ,ОСны зээлийн идэвхижүүлэлтийн талаар мэдээлэл авсан суваг,Банкны салбар,,
Мэдээлэл,Иргэд зээлийн үйлчилгээ,ОСны зээлийн идэвхижүүлэлтийн талаар мэдээлэл авсан суваг,Сошиал медиа FB Twitter г м,,
Мэдээлэл,Иргэд зээлийн үйлчилгээ,ОСны зээлийн идэвхижүүлэлтийн талаар мэдээлэл авсан суваг,Фм шторк,,
Мэдээлэл,Иргэд зээлийн үйлчилгээ,ОСны зээлийн идэвхижүүлэлтийн талаар мэдээлэл авсан суваг,Сонин сэтгүүл,,
Мэдээлэл,Иргэд зээлийн үйлчилгээ,Орон сууцны зээл идэвхижүүлэлт,Ерөнхий нөхцөл,,
Мэдээлэл,Кредит карт,Гламур карт,Ерөнхий мэдээлэл,Шимтгэл хураамж ерөнхий нөхцөл,
Мэдээлэл,Кредит карт,Гламур карт,Ерөнхий мэдээлэл,Тавигдах шаардлага,
Мэдээлэл,Кредит карт,Гламур карт,Ерөнхий мэдээлэл,Лоялти байгууллага,
Мэдээлэл,Кредит карт,Гламур карт,Ерөнхий мэдээлэл,Картыг хэрхэн авах,
Мэдээлэл,Кредит карт,Гламур карт,Ерөнхий мэдээлэл,Бүрдүүлэх материал,
Мэдээлэл,Кредит карт,Гламур карт,Лоялти,,
Мэдээлэл,Кредит карт,Олон улсын алтан кредит карт,Ерөнхий мэдээлэл,Шимтгэл хураамж ерөнхий нөхцөл,
Мэдээлэл,Кредит карт,Олон улсын алтан кредит карт,Ерөнхий мэдээлэл,Тавигдах шаардлага,
Мэдээлэл,Кредит карт,Олон улсын алтан кредит карт,Ерөнхий мэдээлэл,Лоялти байгууллага,
Мэдээлэл,Кредит карт,Олон улсын алтан кредит карт,Ерөнхий мэдээлэл,Картыг хэрхэн авах,
Мэдээлэл,Кредит карт,Олон улсын алтан кредит карт,Ерөнхий мэдээлэл,Бүрдүүлэх материал,
Мэдээлэл,Кредит карт,Олон улсын алтан кредит карт,Лоялти,,
Мэдээлэл,Кредит карт,Олон улсын энгийн кредит карт,Ерөнхий мэдээлэл,Шимтгэл хураамж ерөнхий нөхцөл,
Мэдээлэл,Кредит карт,Олон улсын энгийн кредит карт,Ерөнхий мэдээлэл,Тавигдах шаардлага,
Мэдээлэл,Кредит карт,Олон улсын энгийн кредит карт,Ерөнхий мэдээлэл,Лоялти байгууллага,
Мэдээлэл,Кредит карт,Олон улсын энгийн кредит карт,Ерөнхий мэдээлэл,Картыг хэрхэн авах,
Мэдээлэл,Кредит карт,Олон улсын энгийн кредит карт,Ерөнхий мэдээлэл,Бүрдүүлэх материал,
Мэдээлэл,Кредит карт,Олон улсын энгийн кредит карт,Лоялти,,
Мэдээлэл,Кредит карт,Дотоодын кредит карт,Ерөнхий мэдээлэл,Шимтгэл хураамж ерөнхий нөхцөл,
Мэдээлэл,Кредит карт,Дотоодын кредит карт,Ерөнхий мэдээлэл,Тавигдах шаардлага,
Мэдээлэл,Кредит карт,Дотоодын кредит карт,Ерөнхий мэдээлэл,Лоялти байгууллага,
Мэдээлэл,Кредит карт,Дотоодын кредит карт,Ерөнхий мэдээлэл,Картыг хэрхэн авах,
Мэдээлэл,Кредит карт,Дотоодын кредит карт,Ерөнхий мэдээлэл,Бүрдүүлэх материал,
Мэдээлэл,Кредит карт,Дотоодын кредит карт,Лоялти,,
Мэдээлэл,Кредит карт,Сигначур карт,Ерөнхий мэдээлэл,Шимтгэл хураамж ерөнхий нөхцөл,
Мэдээлэл,Кредит карт,Сигначур карт,Ерөнхий мэдээлэл,Тавигдах шаардлага,
Мэдээлэл,Кредит карт,Сигначур карт,Ерөнхий мэдээлэл,Лоялти байгууллага,
Мэдээлэл,Кредит карт,Сигначур карт,Ерөнхий мэдээлэл,Картыг хэрхэн авах,
Мэдээлэл,Кредит карт,Сигначур карт,Ерөнхий мэдээлэл,Бүрдүүлэх материал,
Мэдээлэл,Кредит карт,Сигначур карт,Лоялти,,
Мэдээлэл,Кредит карт,Платинум карт,Ерөнхий мэдээлэл,Шимтгэл хураамж ерөнхий нөхцөл,
Мэдээлэл,Кредит карт,Платинум карт,Ерөнхий мэдээлэл,Тавигдах шаардлага,
Мэдээлэл,Кредит карт,Платинум карт,Ерөнхий мэдээлэл,Лоялти байгууллага,
Мэдээлэл,Кредит карт,Платинум карт,Ерөнхий мэдээлэл,Картыг хэрхэн авах,
Мэдээлэл,Кредит карт,Платинум карт,Ерөнхий мэдээлэл,Бүрдүүлэх материал,
Мэдээлэл,Кредит карт,Платинум карт,Лоялти,,
Мэдээлэл,Кредит карт,Платинум карт,Милл оноо,,
Мэдээлэл,Дебит карт,Олон улсын карт,Ерөнхий мэдээлэл,Лоялти байгууллага,
Мэдээлэл,Дебит карт,Олон улсын карт,Ерөнхий мэдээлэл,Картыг хэрхэн авах,
Мэдээлэл,Дебит карт,Олон улсын карт,Ерөнхий мэдээлэл,Шимтгэл хураамж ерөнхий нөхцөл,
Мэдээлэл,Дебит карт,Олон улсын карт,Лоялти,,
Мэдээлэл,Дебит карт,Дотоодын карт,Ерөнхий мэдээлэл,Лоялти байгууллага,
Мэдээлэл,Дебит карт,Дотоодын карт,Ерөнхий мэдээлэл,Картыг хэрхэн авах,
Мэдээлэл,Дебит карт,Дотоодын карт,Ерөнхий мэдээлэл,Шимтгэл хураамж ерөнхий нөхцөл,
Мэдээлэл,Дебит карт,Дотоодын карт,Лоялти,,
Мэдээлэл,Дебит карт,Приорити дебит карт,Ерөнхий мэдээлэл,Лоялти байгууллага,
Мэдээлэл,Дебит карт,Приорити дебит карт,Ерөнхий мэдээлэл,Картыг хэрхэн авах,
Мэдээлэл,Дебит карт,Приорити дебит карт,Ерөнхий мэдээлэл,Шимтгэл хураамж ерөнхий нөхцөл,
Мэдээлэл,Дебит карт,Приорити дебит карт,Лоялти,,
Мэдээлэл,Дебит карт,Сигначур дебит карт,Ерөнхий мэдээлэл,Лоялти байгууллага,
Мэдээлэл,Дебит карт,Сигначур дебит карт,Ерөнхий мэдээлэл,Картыг хэрхэн авах,
Мэдээлэл,Дебит карт,Сигначур дебит карт,Ерөнхий мэдээлэл,Шимтгэл хураамж ерөнхий нөхцөл,
Мэдээлэл,Дебит карт,Сигначур дебит карт,Лоялти,,
Мэдээлэл,Кредит карт,Ашиглах заавар,Бусад,,
Мэдээлэл,Дебит карт,Ашиглах заавар,Бусад,,
Мэдээлэл,Кредит карт,Ашиглах заавар,Verified by Visa тухай,,
Мэдээлэл,Дебит карт,Ашиглах заавар,Verified by Visa тухай,,
Мэдээлэл,Кредит карт,Ашиглах заавар,Икоммерс,Epin авах заавар,
Мэдээлэл,Дебит карт,Ашиглах заавар,Икоммерс,Epin авах заавар,
Мэдээлэл,Кредит карт,Ашиглах заавар,Төлбөр төлөх заавар,,
Мэдээлэл,Кредит карт,Ашиглах заавар,Шинэ карт идэвхжүүлэх заавар,,
Мэдээлэл,Дебит карт,Ашиглах заавар,Шинэ карт идэвхжүүлэх заавар,,
Мэдээлэл,Кредит карт,Ерөнхий мэдээлэл,Икоммерс тухай,,
Мэдээлэл,Дебит карт,Ерөнхий мэдээлэл,Икоммерс тухай,,
Мэдээлэл,Кредит карт,Нууцлалын талаар,,,
Мэдээлэл,Дебит карт,Нууцлалын талаар,,,
Мэдээлэл,КҮБ,Веб хуулга,Ерөнхий мэдээлэл,,
Мэдээлэл,КҮБ,ПОСын цаас,Ерөнхий мэдээлэл,,
Мэдээлэл,КҮБ,EoD,Ерөнхий мэдээлэл,,
Мэдээлэл,КҮБ,Мэдээлэл зөвөлгөө,Cash back,,
Мэдээлэл,КҮБ,Мэдээлэл зөвөлгөө,Пос,,
Мэдээлэл,КҮБ,Мэдээлэл зөвөлгөө,Икоммерс,,
Мэдээлэл,КҮБ,Мэдээлэл зөвөлгөө,Хаан лоялти,,
Мэдээлэл,КҮБ,Adjustment IR TO,Датабанк  70111717 дугаарт холбогдохыг санал болгох,,
Мэдээлэл,КҮБ,Adjustment IR TO,Yomova  ПОСын хэвийн ажиллагаатай холбоотой,,
Мэдээлэл,КҮБ,Adjustment IR TO,Yomova Холболтын алдаа Reboot,,
Мэдээлэл,КҮБ,Adjustment IR TO,Spectra  ПОСын хэвийн ажиллагаатай холбоотой,,
Мэдээлэл,КҮБ,Adjustment IR TO,Spectra  Холболтын алдаа Reboot,,
Мэдээлэл,КҮБ,Бусад,рүү шилжүүлсэн 18001917,,
Мэдээлэл,КҮБ,Бусад,Бусад газар хэлтэс рүү,,
Мэдээлэл,КҮБ,Гадагш залгасан,Харилцагч руу,,
Мэдээлэл,КҮБ,Гадагш залгасан,Дотоодын ажилтан болон бусад,,
Гомдол,КҮБ,Гомдлын хариу лавлагаа,,,
Гомдол,КҮБ,ГУАрүү шилжүүлсэн,,,
Гомдол,КҮБ,Гомдол бүртгэсэн,,,
Гомдол,Гомдлын хариу,Хариу шалгаж өгсөн,Гомдлын хариуг хүлээн зөвшөөрөхгүй байгаа,,
Гомдол,Гомдлын хариу,Хариу шалгаж өгсөн,Хариу өгөөгүй хаасан гомдол,,
Гомдол,Гомдлын хариу,Хариу шалгаж өгсөн,Шийдвэрлэгдсэн гомдол,,
Гомдол,Гомдлын хариу,Хариу шалгаж өгсөн,Шийдвэрлэх хугацаа хэтэрсэн гомдол,,
Гомдол,Гомдлын хариу,Хариу шалгаж өгсөн,Шийдвэрлэх хугацаандаа байгаа гомдол,,
Гомдол,Гомдлын хариу,Level 2 луу холбосон,,,
Гомдол,Гомдол бүртгэсэн,,,,
Гомдол,Гомдлын ажилтан руу шилжүүлсэн,,,,
Лавлагаа,КҮБ,Төлбөр тооцоо гүйлгээ,КҮБн сетт ороогүй,Орлого дамжаагүй,
Лавлагаа,КҮБ,Төлбөр тооцоо гүйлгээ,КҮБн сетт ороогүй,Орлого хэсэгчлэн дамжаагүй,
Лавлагаа,КҮБ,Төлбөр тооцоо гүйлгээ,КҮБн сетт ороогүй,Ухаалаг мэдээ дамжаагүй,
Лавлагаа,КҮБ,Төлбөр тооцоо гүйлгээ,Хаан лоялти,Хөнгөлөлт огт тооцоогүй discount,
Лавлагаа,КҮБ,Төлбөр тооцоо гүйлгээ,Хаан лоялти,Хөнгөлөлт буруу тооцсон discount,
Лавлагаа,КҮБ,Төлбөр тооцоо гүйлгээ,Хаан лоялти,Оноо зарцуулж болохгүй байна Redeem,
Лавлагаа,КҮБ,Төлбөр тооцоо гүйлгээ,Хаан лоялти,Оноо олгохгүй байна Award,
Лавлагаа,КҮБ,Төлбөр тооцоо гүйлгээ,Дата ПОС хөнгөлөлт,Хөнгөлөлт огт тооцоогүй Дата ПОС,
Лавлагаа,КҮБ,ПОС сетлемент шалгах,ШТС,,
Лавлагаа,КҮБ,ПОС сетлемент шалгах,Бусад КҮБ,,
Лавлагаа,КҮБ,ПОС гүйлгээ шалгах,Холболтын алдаа,,
Лавлагаа,КҮБ,ПОС гүйлгээ шалгах,Орлого дутуу,,
Лавлагаа,КҮБ,ПОС гүйлгээ шалгах,Авто буцаалт,,
Лавлагаа,КҮБ,ПОС гүйлгээ шалгах,Бусад гүйлгээ,,
Лавлагаа,КҮБ,ПОС гүйлгээ шалгах,,,
Лавлагаа,КҮБ,Икоммерс гүйлгээ шалгах,,,
Лавлагаа,КҮБ,Ухаалаг мэдээ илгээгдсэн эсэх,,,
Лавлагаа,КҮБ,Холболт алдаатай эсэх,Yomova,,
Лавлагаа,КҮБ,Холболт алдаатай эсэх,Spectra,,
Лавлагаа,КҮБ,Сүлжээ системийн алдаа,BOM Голомт банкны картын алдаа,,
Лавлагаа,КҮБ,Сүлжээ системийн алдаа,BOM ХХБанкны картын алдаа,,
Лавлагаа,КҮБ,Сүлжээ системийн алдаа,BOM Төрийн банкны картын алдаа,,
Лавлагаа,КҮБ,Сүлжээ системийн алдаа,BOM Хас банкны картын алдаа,,
Лавлагаа,КҮБ,Сүлжээ системийн алдаа,BOM Бусад банкны картын алдаа,,
Лавлагаа,КҮБ,Сүлжээ системийн алдаа,ХААН Банкны картын алдаа 801,,
Лавлагаа,КҮБ,Сүлжээ системийн алдаа,ХААН Банкны картын алдаа 1904,,
Лавлагаа,КҮБ,Сүлжээ системийн алдаа,Датабанк сүлжээ системийн алдаа,,
Лавлагаа,КҮБ,Орлого ороогүй,Late EoD,,
Лавлагаа,Зээлтэй холбоотой,Урьдчилан тооцоолсон зээлийн хэмжээ,,,
Лавлагаа,Зээлтэй холбоотой,Зээлийн эргэн төлөлт үлдэгдэл лавлах,,,
Лавлагаа,Зээлтэй холбоотой,Дансны дэлгэрэнгүй мэдээлэл,,,
Лавлагаа,Картын үйлчилгээ,Кредит карт,Хуулга лавлах,,
Лавлагаа,Картын үйлчилгээ,Кредит карт,Нэхэмжлэл лавлах,,
Лавлагаа,Картын үйлчилгээ,Карт шалгах,Алдаатай гүйлгээ,Картын эрсдэлийн оператортой холбосон,
Лавлагаа,Картын үйлчилгээ,Карт шалгах,Алдаатай гүйлгээ,Алдааг шалгаж өгсөн,
Лавлагаа,Картын үйлчилгээ,Карт шалгах,Шуудангийн хүргэлттэй холбоотой,KB код өгсөн,
Лавлагаа,Картын үйлчилгээ,Карт шалгах,Шуудангийн хүргэлттэй холбоотой,Шуудангаас Төв банкруу буцаагдсан карт,
Лавлагаа,Картын үйлчилгээ,Карт шалгах,АТМ хураагдсан карт,Карт салбарт авах хүсэлт илгээсэн,
Лавлагаа,Картын үйлчилгээ,Карт шалгах,Картын төлөв шалгах,,
Лавлагаа,Картын үйлчилгээ,Карт шалгах,Картын лоялти оноо шалгах,,
Лавлагаа,Картын үйлчилгээ,Гүйлгээ шалгах,Дебит карт,,
Лавлагаа,Картын үйлчилгээ,Гүйлгээ шалгах,Икоммерс,,
Лавлагаа,Картын үйлчилгээ,Гүйлгээ шалгах,Кредит карт,,
Лавлагаа,Интернэт банк,Интернэт банк нэвтрэх нэр лавлах,,,
Лавлагаа,Бусад цахим үйлчилгээ,Ухаалаг мэдээ илгээгдсэн эсэх,,,
Лавлагаа,Бусад цахим үйлчилгээ,Ибиллингийн төлөлт лавлах,,,
Лавлагаа,Бусад цахим үйлчилгээ,Ибиллингийн төлбөрийн нөхцөл лавлах,,,
Лавлагаа,Интернэт банк,Гүйлгээ шалгах,Вэбээр хийсэн гүйлгээ,,
Лавлагаа,Интернэт банк,Гүйлгээ шалгах,Аппр хийсэн гүйлгээ,,
Лавлагаа,Мобайл банк,Гүйлгээ шалгах,Мессеж ирээгүй,,
Лавлагаа,Мобайл банк,Гүйлгээ шалгах,Холболт амжилтгүй гэсэн алдаа заасан,,
Лавлагаа,Мобайл банк,Гүйлгээ шалгах,Гүйлгээ шалгасан,,
Лавлагаа,Бусад цахим үйлчилгээ,Гүйлгээ шалгах,Телефон банкны үйлчилгээ,,
Лавлагаа,Бусад цахим үйлчилгээ,Гүйлгээ шалгах,QPAY,,
Лавлагаа,Бусад цахим үйлчилгээ,Гүйлгээ шалгах,Khan Pay,,
Лавлагаа,Төлбөр тооцоо,Орлогын гүйлгээ хураамж 200 төгрөг,,,
Лавлагаа,Төлбөр тооцоо,SWIFT гүйлгээ шалгах,,,
Лавлагаа,Төлбөр тооцоо,SWIFT гүйлгээ шалгах,GPI tracker хүлээн авсан шалгаж өгсөн,,
Лавлагаа,Төлбөр тооцоо,SWIFT гүйлгээ шалгах,GPI tracker шилжүүлсэн шалгаж өгсөн,,
Лавлагаа,Төлбөр тооцоо,SWIFT гүйлгээ шалгах,GPI tracker шалгуулах хүсэлт илгээсэн,,
Лавлагаа,Төлбөр тооцоо,Банк хоорондын гүйлгээ лавлах,Их дүнтэй гүйлгээ 3 саяас дээш,,
Лавлагаа,Төлбөр тооцоо,Банк хоорондын гүйлгээ лавлах,Бага дүнтэй гүйлгээ 3 сая,,
Лавлагаа,Төлбөр тооцоо,Дансны нэр дугаар шалгах,Банк хоорондын гүйлгээтэй холбоотой,,
Лавлагаа,Төлбөр тооцоо,Дансны нэр дугаар шалгах,Төлбөр төлөх данс,,
Лавлагаа,АТМ сүлжээ,АТМ ажиллахгүй,,,
Лавлагаа,Халамж,Холболттой данс,,,
Лавлагаа,Халамж,Гүйлгээ шалгуулах,НӨАТн урамшуулал шалгуулах,Амжилттай орсон гүйлгээ,
Лавлагаа,Халамж,Гүйлгээ шалгуулах,НӨАТн урамшуулал шалгуулах,Амжилтгүй болсон гүйлгээ,
Лавлагаа,Депозит бүтээгдэхүүн,Дансны дэлгэрэнгүй мэдээлэл,Данс нэр лавлах,Зээлийн данс,
Лавлагаа,Депозит бүтээгдэхүүн,Дансны дэлгэрэнгүй мэдээлэл,Данс нэр лавлах,Депозит данс,
Лавлагаа,Депозит бүтээгдэхүүн,Дансны гүйлгээ шалгах,Киоск төхөөрөмжөөр хийсэн гүйлгээ,,
Лавлагаа,Депозит бүтээгдэхүүн,Дансны гүйлгээ шалгах,Картаар хийсэн гүйлгээ,,
Лавлагаа,Депозит бүтээгдэхүүн,Дансны гүйлгээ шалгах,Дансны барилттай холбоотой,,
Лавлагаа,Депозит бүтээгдэхүүн,Дансны гүйлгээ шалгах,Данс андуурсан гүйлгээ,,
Лавлагаа,Депозит бүтээгдэхүүн,IBAN дугаар лавлах,,,
Лавлагаа,Депозит бүтээгдэхүүн,Мэдээлэл шинэчлээгүй тул данс STOP болсон,Мэдээлэл өгсөн,,
Лавлагаа,Депозит бүтээгдэхүүн,Мэдээлэл шинэчлээгүй тул данс STOP болсон,Бухимдалтай тул гомдлын ажилтан руу холбосон,,
Санхүүгийн бус гомдол,КҮБ,КҮБ орлоготой,Өндөрлөгөөний цаг өөрчлөгдсөн,,
Санхүүгийн бус гомдол,КҮБ,КҮБ орлоготой,Орлого хэсэгчлэн дамжаагүй,,
Санхүүгийн бус гомдол,КҮБ,КҮБ орлоготой,Орлого  бүтэн дамжаагүй,,
Санхүүгийн бус гомдол,КҮБ,ПОСн хэвийн ажиллагаатай холбоотой,Эвдрэл гэмтэлтэй холбоотой,,
Санхүүгийн бус гомдол,КҮБ,ПОСн хэвийн ажиллагаатай холбоотой,Холболтын алдаа байнга заадаг,,
Санхүүгийн бус гомдол,Картын үйлчилгээ,Бусад,,,
Санхүүгийн бус гомдол,Картын үйлчилгээ,АТМ,Мөнгө дууссан,,
Санхүүгийн бус гомдол,Картын үйлчилгээ,АТМ,Тог тасарсан,,
Санхүүгийн бус гомдол,Картын үйлчилгээ,АТМ,Hitachi Атм сүлжээгүй болсон,,
Санхүүгийн бус гомдол,Картын үйлчилгээ,АТМ,Зарлагын АТМ сүлжээгүй болсон,,
Санхүүгийн бус гомдол,Картын үйлчилгээ,АТМ,Орлогын алдаа заасан,Өөрийн дансанд,
Санхүүгийн бус гомдол,Картын үйлчилгээ,АТМ,Орлогын алдаа заасан,Бусдын дансанд,
Санхүүгийн бус гомдол,Картын үйлчилгээ,Карт,Шуудан хүргэлттэй холбоотой,,
Санхүүгийн бус гомдол,Картын үйлчилгээ,Карт,Картын идэвхижүүлэх код ирэхгүй алдаа заасан,,
Санхүүгийн бус гомдол,Картын үйлчилгээ,Карт,Шимтгэл хураамж,,
Санхүүгийн бус гомдол,Картын үйлчилгээ,Карт,Кредит карт,,
Санхүүгийн бус гомдол,Картын үйлчилгээ,Карт,Clamour карт,,
Санхүүгийн бус гомдол,Картын үйлчилгээ,Карт,Карт уншихгүй байна  Алдаа код бичих,,
Санхүүгийн бус гомдол,Картын үйлчилгээ,Карт,Карт уншуулахад ямарч хандалтгүй болсон,,
Санхүүгийн бус гомдол,Картын үйлчилгээ,Карт,Бусад алдаа,,
Санхүүгийн бус гомдол,Картын үйлчилгээ,Карт,City pass,,
Санхүүгийн бус гомдол,Картын үйлчилгээ,ПОС,Пос сүлжээгүй болсон,,
Санхүүгийн бус гомдол,Картын үйлчилгээ,ПОС,Бусад,,
Санхүүгийн бус гомдол,Картын үйлчилгээ,ПОС,Орлого ороогүй,,
Санхүүгийн бус гомдол,Дансны үйлчилгээ,Данс болон Карт хаагдсан төлөв,,,
Санхүүгийн бус гомдол,Дансны үйлчилгээ,Үйлчилгээний нөхцөл,,,
Санхүүгийн бус гомдол,Дансны үйлчилгээ,Шимтгэл хураамж,,,
Санхүүгийн бус гомдол,Банкс алдаа заасан,,,,
Санхүүгийн бус гомдол,IBANхолбоотой,,,,
Санхүүгийн бус гомдол,Цахим үйлчилгээ,Интернэт банк,нэвтрэх нууц код буруу,,
Санхүүгийн бус гомдол,Цахим үйлчилгээ,Интернэт банк,нэвтэрч болохгүй байна,,
Санхүүгийн бус гомдол,Цахим үйлчилгээ,Интернэт банк,гүйлгээний загвар алга болсон,,
Санхүүгийн бус гомдол,Цахим үйлчилгээ,Ухаалаг мэдээ,утга дээр дебит гэж алдаа заасан,,
Санхүүгийн бус гомдол,Цахим үйлчилгээ,Интернэт банк,Лимит тэглээгүй алдаа заасан,,
Санхүүгийн бус гомдол,Цахим үйлчилгээ,Khan pay,Банкнаас шалтгаалсан,,
Санхүүгийн бус гомдол,Цахим үйлчилгээ,Khan pay,Бусад тайлбар бичих,,
Санхүүгийн бус гомдол,Цахим үйлчилгээ,Khan pay,Харилцагчийн утасны сүлжээнээс хамаарсан,,
Санхүүгийн бус гомдол,Цахим үйлчилгээ,Qpay,Цэс хандалтгүй болсон,,
Санхүүгийн бус гомдол,Цахим үйлчилгээ,Qpay,Бусад тайлбар бичих,,
Санхүүгийн бус гомдол,Цахим үйлчилгээ,Интернэт банк,Бусад имэйл нууц үг ирэхгүй байна банкнаас шалтгаалсан,,
Санхүүгийн бус гомдол,Цахим үйлчилгээ,Интернэт банк,Гүйлгээний баримт ирэхгүй байна Банкнаас шалтгаалсан,,
Санхүүгийн бус гомдол,Цахим үйлчилгээ,Интернэт банк,Идэвжүүлэх код ирэхгүй байна,,
Санхүүгийн бус гомдол,Цахим үйлчилгээ,Интернэт банк,Нууц үг ирэхгүй байна  Gmail,,
Санхүүгийн бус гомдол,Цахим үйлчилгээ,Интернэт банк,Нууц үг ирэхгүй байна  Yahoo,,
Санхүүгийн бус гомдол,Цахим үйлчилгээ,Интернэт банк,Smart app ажиллахгүй болсон  Хаан банкнаас шалтгаалсан,,
Санхүүгийн бус гомдол,Цахим үйлчилгээ,Интернэт банк,Smart appр карт захиалахад алдаа заасан,,
Санхүүгийн бус гомдол,Цахим үйлчилгээ,Интернэт банк,Smart app ажиллахгүй болсон  Харилцагчийн интернэт холболтоос шалтгаалсан,,
Санхүүгийн бус гомдол,Цахим үйлчилгээ,Интернэт банк,Web хандалтгүй болсон Банкнаас шалтгаалсан,,
Санхүүгийн бус гомдол,Цахим үйлчилгээ,Интернэт банк,Webр гүйлгээ хийсэн  Баримт ирээгүй  Нөхөж явуулсан,,
Санхүүгийн бус гомдол,Цахим үйлчилгээ,Интернэт банк,Бусад тайлбар бичих,,
Санхүүгийн бус гомдол,Цахим үйлчилгээ,Интернэт банк,Интернэт банкны нууц үг авахад чирэгдэлтэй,,
Санхүүгийн бус гомдол,Цахим үйлчилгээ,Интернэт банк,Smart app ойлгомжгүй байна,,
Санхүүгийн бус гомдол,Цахим үйлчилгээ,Интернэт банк,Web ойлгомжгүй байна,,
Санхүүгийн бус гомдол,Цахим үйлчилгээ,Интернэт банк,Нэвтрэх болон гүйлгээний нууц үг солиход ойлгоймжгүй байна,,
Санхүүгийн бус гомдол,Цахим үйлчилгээ,Телефон банк,Гүйлгээ хийхэд дансны дугаар буруу хэлсэн,,
Санхүүгийн бус гомдол,Цахим үйлчилгээ,Телефон банк,Бусад тайлбар бичих,,
Санхүүгийн бус гомдол,Цахим үйлчилгээ,Телефон банк,Телефон банк руу холбогдохгүй байна  Банкнаас шалтгаалсан,,
Санхүүгийн бус гомдол,Цахим үйлчилгээ,Ухаалаг мэдээ,Мобиком,,
Санхүүгийн бус гомдол,Цахим үйлчилгээ,Ухаалаг мэдээ,Юнител,,
Санхүүгийн бус гомдол,Цахим үйлчилгээ,Ухаалаг мэдээ,Жи мобайл,,
Санхүүгийн бус гомдол,Цахим үйлчилгээ,Ухаалаг мэдээ,Скайтел,,
Санхүүгийн бус гомдол,Цахим үйлчилгээ,Ухаалаг мэдээ,Хаан банкнаас шалтгаалсан,,
Санхүүгийн бус гомдол,Цахим үйлчилгээ,Мобайл банк,Хаан Банкнаас шалтгаалсан,,
Санхүүгийн бус гомдол,Цахим үйлчилгээ,Мобайл банк,Мобиком,,
Санхүүгийн бус гомдол,Цахим үйлчилгээ,Мобайл банк,Юнител,,
Санхүүгийн бус гомдол,Цахим үйлчилгээ,Мобайл банк,Скайтел,,
Санхүүгийн бус гомдол,Киоск,Ажиллахгүй байгаа талаар,,,
Санхүүгийн бус гомдол,Киоск,Иргэний үнэмлэх уншихгүй,,,
Санхүүгийн бус гомдол,Киоск,Хурууний хээ уншихгүй,,,
Санхүүгийн бус гомдол,Киоск,Хуулга гарахгүй,,,
Санхүүгийн бус гомдол,Киоск,Баримт гараагүй,,,
Санхүүгийн бус гомдол,Зээл,Байгууллагын зээлийн бүтээгдэхүүн,,,
Санхүүгийн бус гомдол,Зээл,Иргэдийн зээлийн бүтээгдэхүүн,Бусад,,
Санхүүгийн бус гомдол,Зээл,Иргэдийн зээлийн бүтээгдэхүүн,Онлайн зээл,Хадгаламж барьцаалсан зээл,
Санхүүгийн бус гомдол,Зээл,Иргэдийн зээлийн бүтээгдэхүүн,Онлайн зээл,Цалингийн зээл,
Санхүүгийн бус гомдол,Зээл,Иргэдийн зээлийн бүтээгдэхүүн,Тэтгэврийн зээл татсан,,
Санхүүгийн бус гомдол,Салбар тт,Үйлчилгээгээ цагт авч чадаагүй,,,
Санхүүгийн бус гомдол,Салбар тт,Зохион байгуулалт,Ахлах теллер цайны цагийн зохион байгуулалт муу байна,,
Санхүүгийн бус гомдол,Салбар тт,Зохион байгуулалт,Вип теллерийн цайны цагийн зохион байгуулалт муу байна,,
Санхүүгийн бус гомдол,Салбар тт,Зохион байгуулалт,Теллер удаан үйлчилж байна,,
Санхүүгийн бус гомдол,Салбар тт,Зохион байгуулалт,Теллер цайны цагийн зохион байгуулалт муу байна,,
Санхүүгийн бус гомдол,Салбар тт,Цагийн хуваарь,Ажлын өдөр 18:00 цагаас хойш ажиллахгүй байна,,
Санхүүгийн бус гомдол,Салбар тт,Цагийн хуваарь,Амралтын өдөр ажилладаг тт цөөхөн байна,,
Санхүүгийн бус гомдол,Салбар тт,Цагийн хуваарь,Бүх нийтийн амралтын ажиллахгүй байна,,
Санхүүгийн бус гомдол,Салбар тт,Бусад,,,
Санхүүгийн бус гомдол,Салбар тт,Тохижилт,Цэвэрлэгээ муу,,
Санхүүгийн бус гомдол,Салбар тт,Тохижилт,Агааржуулалт муу,,
Санхүүгийн бус гомдол,Салбар тт,Тохижилт,Гэрэлтүүлэг муу,,
Санхүүгийн бус гомдол,Салбар тт,Тохижилт,АТМ гэрэлтүүлэг,,
Санхүүгийн бус гомдол,Салбар тт,Тохижилт,Тохижилт муу,,
Санхүүгийн бус гомдол,Төлбөр тооцоо гүйлгээ,Гадаад төлбөр тооцоо,,,
Санхүүгийн бус гомдол,Төлбөр тооцоо гүйлгээ,Банк хоорондын гүйлгээ,Их дүнтэй гүйлгээ 3 саяас дээш,МБаас шалтгаалсан,
Санхүүгийн бус гомдол,Төлбөр тооцоо гүйлгээ,Банк хоорондын гүйлгээ,Их дүнтэй гүйлгээ 3 саяас дээш,Хаан банкнаас шалгтгаалсан,
Санхүүгийн бус гомдол,Төлбөр тооцоо гүйлгээ,Банк хоорондын гүйлгээ,Их дүнтэй гүйлгээ 3 саяас дээш,Бусад банкнаас шалтгаалсан,
Санхүүгийн бус гомдол,Төлбөр тооцоо гүйлгээ,Банк хоорондын гүйлгээ,Бага дүнтэй гүйлгээ 3 сая хүртэл,МБаас шалтгаалсан,
Санхүүгийн бус гомдол,Төлбөр тооцоо гүйлгээ,Банк хоорондын гүйлгээ,Бага дүнтэй гүйлгээ 3 сая хүртэл,Хаан банкнаас шалгтгаалсан,
Санхүүгийн бус гомдол,Төлбөр тооцоо гүйлгээ,Банк хоорондын гүйлгээ,Бага дүнтэй гүйлгээ 3 сая хүртэл,Бусад банкнаас шалтгаалсан,
Санхүүгийн бус гомдол,Бусад,Имэйл ойлгомжгүй,Хаан Банкнаас илгээсэн анхааруулга имэйл ойлгомжгүй байна,,
Санхүүгийн бус гомдол,Бусад,Имэйл ойлгомжгүй,Цахим банкаар гүйлгээ хийхэд ойлгомжгүй имэйл ирж байна,,
Санхүүгийн бус гомдол,Бусад,Реклам ойлгомжгүй,Шинэ нэвтэрч байгаа бүтээгдэхүүний реклам ойлгомжгүй байна,,
Санхүүгийн бус гомдол,Бусад,Реклам ойлгомжгүй,Аяны хүрээнд байгаа реклам ойлгомжгүй байна,,
Санхүүгийн бус гомдол,Бусад,Мессеж ойлгомжгүй,Аяны хүрээнд явж байгаа мессеж ойлгомжгүй байна,,
Санхүүгийн бус гомдол,Бусад,Мессеж ойлгомжгүй,Банкнаас явж байгаа анхааруулга мессеж ойлгомжгүй байна,,
Санхүүгийн бус гомдол,Бусад,Банксны өндөрлөгөөтэй холбоотой,,,
Санхүүгийн бус гомдол,Төлбөр тооцоо гүйлгээ,Валют хөрвүүлэг алдаатай,,,
Санал,Inbound,Цахим банк,Интернэт банк,,
Санал,Inbound,Цахим банк,Мобайл банк,,
Санал,Inbound,Цахим банк,Телефон банк,,
Санал,Inbound,Цахим банк,Ухаалаг банк,,
Санал,Inbound,Цахим банк,Ухаалаг мэдээ,,
Санал,Inbound,Цахим банк,Ибиллинг,,
Санал,Inbound,Цахим банк,Khan Pay,,
Санал,Inbound,Цахим банк,Qpay,,
Санал,Inbound,Карт,Дебит карт,,
Санал,Inbound,Карт,Кредит карт,,
Санал,Inbound,Карт,Икоммерс,,
Санал,Inbound,Зээл,Хэрэглээний зээл,,
Санал,Inbound,Зээл,Бизнесийн зээл,,
Санал,Inbound,Депозит бүтээгдэхүүн,Депозит бүтээгдэхүүн,,
Санал,Inbound,Хураамж,Цахим банкны бүтээгдэхүүн үйлчилгээний хураамж,,
Санал,Inbound,Хураамж,Бусад,,
Санал,Inbound,ПОС,ПОС,,
Санал,Inbound,АТМ,АТМ,,
Санал,Inbound,Салбар,УБИБ,,
Санал,Inbound,Салбар,ОНИБ,,
Санал,Inbound,Бусад,Бусад,,
Санал,Outbound,Care outbound,Амжилттай,,
Санал,Outbound,Care outbound,Амжилтгүй,,
Санал,Outbound,Survey outbound,Амжилттай,,
Санал,Outbound,Survey outbound,Амжилтгүй,,
Санал,Merchants care,Care outbound,Welcome care,,
Санал,Merchants care,Care outbound,Regular care,,
Санал,Талархал,Киоск,,,
Санал,Талархал,Ажилтан,Салбар ТТ,,
Санал,Талархал,Ажилтан,ҮНТ,,
Санал,Талархал,Ажилтан,ГУА,,
Санал,Талархал,Ажилтан,Төв банк,,
Санал,Талархал,Бусад,,,
Санал,Хариу өгсөн,АТМ,Хариу өгсөн,,
Санал,Хариу өгсөн,Бусад санал,Хариу өгсөн,,
Санал,Хариу өгсөн,Дансны үйлчилгээ,Хариу өгсөн,,
Санал,Хариу өгсөн,Зээл,Хариу өгсөн,,
Санал,Хариу өгсөн,Карт,Кредит карт,,
Санал,Хариу өгсөн,Карт,Икоммерс,,
Санал,Хариу өгсөн,Карт,Дебит карт,,
Санал,Хариу өгсөн,ПОС,Хариу өгсөн,,
Санал,Хариу өгсөн,Төлбөр тооцоо гүйлгээ,Хариу өгсөн,,
Санал,Хариу өгсөн,Цахим үйлчилгээ,Интернэт банк,,
Санал,Хариу өгсөн,Цахим үйлчилгээ,Мобайл банк,,
Санал,Хариу өгсөн,Цахим үйлчилгээ,Телефон банк,,
Санал,Хариу өгсөн,Цахим үйлчилгээ,Ухаалаг банк,,
Санал,Хариу өгсөн,Цахим үйлчилгээ,Ухаалаг мэдээ,,
Санал,Хариу өгсөн,Цахим үйлчилгээ,Ибиллинг,,
Санал,Хариу өгсөн,Цахим үйлчилгээ,Khan pay,,
Санал,Хариу өгсөн,Цахим үйлчилгээ,Qpay,,
Санал,Хариу өгсөн,Цахим үйлчилгээ,ТВ банк,,
Санал,Хариу өгсөн,Цахим үйлчилгээ,Мессеж банк,,
Үйлчилгээ,КҮБ,Гадагш мэйл явуулсан,POS team,,
Үйлчилгээ,КҮБ,Гадагш мэйл явуулсан,Төлбөр тооцоо,,
Үйлчилгээ,КҮБ,Гадагш мэйл явуулсан,ГУАлба,,
Үйлчилгээ,КҮБ,Дуудлага Засвар,Yomova,,
Үйлчилгээ,КҮБ,Дуудлага Засвар,Spectra,,
Үйлчилгээ,Картын үйлчилгээ,Дэд карт сурагчийн карт захиалга,,,
Үйлчилгээ,Картын үйлчилгээ,Шинэ картын захиалга debit,,,
Үйлчилгээ,Картын үйлчилгээ,Сунгах нөхөн авах,Картын хугацаа сунгах захиалга,,
Үйлчилгээ,Картын үйлчилгээ,Сунгах нөхөн авах,Карт нөхөн авах захиалга,,
Үйлчилгээ,Картын үйлчилгээ,Төлөв өөрчлөх,Хаасан,,
Үйлчилгээ,Картын үйлчилгээ,Төлөв өөрчлөх,Хаагдсан карт,,
Үйлчилгээ,Картын үйлчилгээ,Төлөв өөрчлөх,Хааж данс зогсоосон,,
Үйлчилгээ,Картын үйлчилгээ,Төлөв өөрчлөх,Хаагаагүй,,
Үйлчилгээ,Картын үйлчилгээ,Төлөв өөрчлөх,Карт нээх,,
Үйлчилгээ,Картын үйлчилгээ,Төлөв өөрчлөх,Warm карт нээх,,
Үйлчилгээ,Картын үйлчилгээ,Төлөв өөрчлөх,Fraud карт нээх,,
Үйлчилгээ,Картын үйлчилгээ,Төлөв өөрчлөх,Карт олсон тухай,Картыг хаасан,
Үйлчилгээ,Картын үйлчилгээ,Төлөв өөрчлөх,Карт олсон тухай,Карт хаалттай байсан,
Үйлчилгээ,Картын үйлчилгээ,Hold гүйлгээ,Гүйлгээг шалгаж өгсөн,,
Үйлчилгээ,Картын үйлчилгээ,Hold гүйлгээ,Картыг хааж гомдолруу холбосон,,
Үйлчилгээ,Картын үйлчилгээ,Hold гүйлгээ,Картыг хааж гомдолруу холбосон,,
Үйлчилгээ,Картын үйлчилгээ,Hold гүйлгээ,Картыг хаахгүй гомдолруу холбосон,,
Үйлчилгээ,Картын үйлчилгээ,Pin count reset,Мартсан пин код сэргээх,,
Үйлчилгээ,Картын үйлчилгээ,Pin count reset,Картын пин кодны блок гаргах,,
Үйлчилгээ,Дансны үйлчилгээ,Үйлчилгээ болон тохиргоо,Account hold,,
Үйлчилгээ,Дансны үйлчилгээ,Үйлчилгээ болон тохиргоо,Account hold release,,
Үйлчилгээ,Дансны үйлчилгээ,Үйлчилгээ болон тохиргоо,Stop account,,
Үйлчилгээ,Дансны үйлчилгээ,Үйлчилгээ болон тохиргоо,Release STOP status of account,,
Үйлчилгээ,Бусад цахим үйлчилгээ,Шинэ бүртгэл,Ухаалаг мэдээ,,
Үйлчилгээ,Бусад цахим үйлчилгээ,Шинэ бүртгэл,Телефон банк,,
Үйлчилгээ,Мобайл банк,Шинэ бүртгэл,,,
Үйлчилгээ,Интернэт банк,Шинэ бүртгэл,,,
Үйлчилгээ,Мобайл банк,Төлөв өөрчлөх,Зогсоосон төлөв нээх,,
Үйлчилгээ,Мобайл банк,Төлөв өөрчлөх,Төлөв түр зогсоох,,
Үйлчилгээ,Интернэт банк,Төлөв өөрчлөх,Зогсоосон төлөв нээх,,
Үйлчилгээ,Интернэт банк,Төлөв өөрчлөх,Төлөв түр зогсоох,,
Үйлчилгээ,Интернэт банк,OTP блок гаргах,,,
Үйлчилгээ,Мобайл банк,Блоклосон нууц үг сэргээх,,,
Үйлчилгээ,Мобайл банк,Нууц үг шинээр үүсгэх,,,
Үйлчилгээ,Мобайл банк,Хугацаа сунгах,,,
Үйлчилгээ,Интернэт банк,Хугацаа сунгах,,,
Дуудлага тасарсан,Авмагц тасарсан,,,,
Дуудлага тасарсан,Ярианы дундуур тасарсан,,,,
Гадаад харилцагч,Оператор луу холбосон,,,,